Contintent,Status,Combined_Mass
AF,extant,22208.229330708662
AF,extinct,970038.4615384615
AF,historical,147513.75
AUS,extant,16918.326819923368
AUS,extinct,188355.55555555556
AUS,historical,2653.0434782608695
AUS,introduction,179746.85294117648
Af,extant,-999.0
EA,extant,21149.60204479066
EA,historical,201417.0
Insular,extant,7757.170889679718
Insular,extinct,81912.13103448275
Insular,historical,84332.326
Oceanic,extant,8238884.867948718
SA,extant,3864.696333333327
SA,extinct,973072.4025974026
